Wall time,Step,Value
1629206861.6796272,1000,0.49800002574920654
1629207463.5290263,2000,0.4779999852180481
1629208065.107554,3000,0.49400001764297485
1629208667.5868802,4000,0.49400004744529724
1629209277.024475,5000,0.48200005292892456
1629209875.6979663,6000,0.47200003266334534
1629210473.2089663,7000,0.49800002574920654
1629211070.2852423,8000,0.5
1629211677.518352,9000,0.5000000596046448
1629212275.3386538,10000,0.5
1629212285.4695592,10001,0.4960000216960907
